Khyber,Sen
Hello,World
SongName,Artist
Mask Off,Future
Panda,Desiigner
Thomas the Tank Engine,Sir Tophamm Hatt
We Are Number One,Robbie Rotten
All Star,Smash Mouth
Casin,Glue70
Shooting Stars,Bag Raiders
Bring Me to Life,Evanescence
Rolling in the Deep,Adele
This Is What You Came For,Calvin Harris
Demons,Imagine Dragons
Green Light,Lorde
Love the Way You Lie,Eminem
Scars to Your Beautiful,Alessia Cara
Give Your Heart a Break,Demi Lovato
Cheap Thrills,Sia
Habits,Tove Lo
2-0+1,苏运莹
'                 ','               '
TestSong1,Ala
TestSong2,Alz
TestSong00,Alz
TestSong1,Az
Cheap Thrills,Sia